GoPro Hero4 Black Edition ,2199,N/A,http://www.actioncamera.ro/gopro-hero4-black-edition.html,N/A
Sony HDRAS100VR Cu Telecomanda ,1899,N/A,http://www.actioncamera.ro/sony-hdras100vr.html,N/A
GoPro Hero4 Silver Edition ,1749,N/A,http://www.actioncamera.ro/gopro-hero4-silver-edition.html,N/A
Drift Ghost-S,1649,N/A,http://www.actioncamera.ro/drift-ghost-s.html,N/A
Drift HD Ghost ,1374,N/A,http://www.actioncamera.ro/drift-hd-ghost.html,N/A
GoPro Hero3+ Silver ,1149,N/A,http://www.actioncamera.ro/gopro-hero3-silver-edition-505.html,N/A
Midland XTC-400,1049,N/A,http://www.actioncamera.ro/midland-xtc-400.html,N/A
Camera Video Auto Vico Marcus 3 ,980,N/A,http://www.actioncamera.ro/camera-video-auto-vico-marcus-3.html,N/A
GoPro HERO3 White Edition + Cadou Telecomanda Wi-Fi,899,N/A,http://www.actioncamera.ro/gopro-hero3-white-edition.html,N/A
 Sony HDRAS20B Action Camera ,899,N/A,http://www.actioncamera.ro/sony-hdras20b-action-camera.html,N/A
Contour ROAM2,889,N/A,http://www.actioncamera.ro/contour-roam2.html,N/A
Camera Video Auto Vico WF1,889,N/A,http://www.actioncamera.ro/camera-video-auto-vico-wf1.html,N/A
Drift - Pachet de Prinderi Moto,459,N/A,http://www.actioncamera.ro/drift-pachet-de-prinderi-moto.html,N/A
GoPro - MANER MULTIFUNCTIONAL 3 WAY,349,N/A,http://www.actioncamera.ro/gopro-maner-multifunctional-3-way.html,N/A
Sony - Ham caine,299,N/A,http://www.actioncamera.ro/sony-ham-caine.html,N/A
GoPro - Monopod cu Suport Telecomanda  - 99 cm,279,N/A,http://www.actioncamera.ro/gopro-monopod-cu-suport-telecomanda-99-cm.html,N/A
CLEMA FLEXIBILA - JAWS FLEX CLAMP,259,N/A,http://www.actioncamera.ro/clema-flexibila-jaws-flex-clamp.html,N/A
GoPro - Carcasa Prindere Incheietura,258,N/A,http://www.actioncamera.ro/gopro-carcas-259-prindere-incheietur-259.html,N/A
Sony - AKA-SM1- Prindere Suprafete Plate,245,N/A,http://www.actioncamera.ro/sony-aka-sm1-prindere-supratefe-plate.html,N/A
Contour HD Suport de prindere cu ventuza,202,N/A,http://www.actioncamera.ro/contour-hd-suport-de-prindere-cu-ventuza.html,N/A
Sony - Suport de Prindere cu Ventuza,199,N/A,http://www.actioncamera.ro/sony-suport-de-prindere-cu-ventuza.html,N/A
Suport de Prindere cu Magnet,198,N/A,http://www.actioncamera.ro/suport-de-prindere-cu-magnet.html,N/A
Monopod GoPro Hero,197,N/A,http://www.actioncamera.ro/monopod-gopro-hero.html,N/A
Drift - Suport de Prindere pe Umar,189,N/A,http://www.actioncamera.ro/drift-suport-de-prindere-pe-umar.html,N/A
GoPro - The Frame ,180,N/A,http://www.actioncamera.ro/gopro-the-frame.html,N/A
GoPro - Sistem prindere piept,180,N/A,http://www.actioncamera.ro/gopro-sistem-prindere-piept.html,N/A
GoPro - Suport de Prindere cu Ventuza,179,N/A,http://www.actioncamera.ro/gopro-suport-de-prindere-cu-ventuza.html,N/A
Monopied FotoMate MR 23,159,N/A,http://www.actioncamera.ro/monopied-fotomate-mr-23.html,N/A
Midland - Suport de Prindere RollBAr,149,N/A,http://www.actioncamera.ro/midland-suport-de-prindere-rollbar.html,N/A
Drift - Suport de Prindere cu Ventuza,149,N/A,http://www.actioncamera.ro/drift-suport-de-prindere-cu-ventuza.html,N/A
Sony - Prindere Cap,138,N/A,http://www.actioncamera.ro/sony-prindere-cap.html,N/A
Sony - Suport Prindere Ghidon,138,N/A,http://www.actioncamera.ro/sony-suport-de-prindere-pe-ghidon.html,N/A
Drift - Suport de Prindere pe RollBar,134,N/A,http://www.actioncamera.ro/drift-suport-de-prindere-pe-rollbar.html,N/A
GoPro - MANER SP POV BUOY,129,N/A,http://www.actioncamera.ro/maner-sp-pov-buoy.html,N/A
CONTOUR PICATINNY MOUNT,125,N/A,http://www.actioncamera.ro/contour-picatinny-mount.html,N/A
Drift - Monopod,124,N/A,http://www.actioncamera.ro/drift-monopod.html,N/A
Drift - Prindere Picattiny ,124,N/A,http://www.actioncamera.ro/drift-prindere-picattiny.html,N/A
GoPro - Prindere RollBar,120,N/A,http://www.actioncamera.ro/gopro-hd-kit-prindere-roll-bar.html,N/A
Contour HD Adaptor Universal,116,N/A,http://www.actioncamera.ro/contour-hd-adaptor-universal.html,N/A
Contour - Suport de prindere pe ghidon,115,N/A,http://www.actioncamera.ro/contour-suport-de-prindere-pe-ghidon.html,N/A
Drift - Prindere Casca Ventilata ,109,N/A,http://www.actioncamera.ro/drift-prindere-casca-ventilata.html,N/A
"GoPro - 6 x Prinderi cu Dublu Adeziv, Plate si Curbe",109,N/A,http://www.actioncamera.ro/prinderi-cu-dublu-adeviz-plate-curbe.html,N/A
GoPro - Kit accesorii prindere ,109,N/A,http://www.actioncamera.ro/gopro-hero-kit-accesorii-prindere.html,N/A
BRAT FLEXIBIL GOOSENECK,109,N/A,http://www.actioncamera.ro/brat-flexibil-gooseneck.html,N/A
GoPro - Prindere de Cap + Quick Clip,109,N/A,http://www.actioncamera.ro/gopro-prindere-de-cap-casca.html,N/A
Contour HD-Suport pentru suprafete plane,106,N/A,http://www.actioncamera.ro/contour-hd-suport-pentru-suprafete-plane.html,N/A
Contour HD-Suport de prindere casca ,106,N/A,http://www.actioncamera.ro/contour-hd-suport-de-prindere-casca.html,N/A
ContourHD-Suport de prindere pe ochelari,106,N/A,http://www.actioncamera.ro/contourhd-suport-de-prindere-pe-ochelari.html,N/A
GoPro - Prinderi cu Adeziv -Plate,105,N/A,http://www.actioncamera.ro/gopro-prinderi-cu-adeziv-plate.html,N/A
GoPro - Prinderi cu Adeziv - Curbe,105,N/A,http://www.actioncamera.ro/gopro-prinderi-cu-adeziv-curbe.html,N/A
GoPro - Prindere Ghidon ,95,N/A,http://www.actioncamera.ro/gopro-prindere-ghidon.html,N/A
Drift - Prindere Surf,89,N/A,http://www.actioncamera.ro/drift-prindere-surf.html,N/A
Sony - Prindere Casca ,89,N/A,http://www.actioncamera.ro/sony-prindere-casca.html,N/A
Drift- Prinderi cu dublu adeziv 3M (5 bucati plate),89,N/A,http://www.actioncamera.ro/drift-prinderi-cu-dublu-adeziv-3m-5-bucati-plate.html,N/A
Prindere Profil,89,N/A,http://www.actioncamera.ro/prindere-profil.html,N/A
Drift - Suport de Prindere pe Ghidon,89,N/A,http://www.actioncamera.ro/drift-suport-de-prindere-pe-ghidon.html,N/A
Drift - Prinderi cu dublu adeziv (5 bucati curbe),89,N/A,http://www.actioncamera.ro/drift-prinderi-cu-dublu-adeziv-5-bucati-curbe.html,N/A
Midland - Sistem de prindere cu ventuza,89,N/A,http://www.actioncamera.ro/midland-sistem-de-prindere-cu-ventuza.html,N/A
Drift-Prindere de Cap ,88,N/A,http://www.actioncamera.ro/drift-prindere-de-cap.html,N/A
GoPro - Prindere Frontala Casca,85,N/A,http://www.actioncamera.ro/gopro-prindere-frontala-casca.html,N/A
Card de Memorie SanDisk 64GB Clasa 10 ,494,N/A,http://www.actioncamera.ro/card-de-memorie-sandisk-64gb-clasa-10.html,N/A
sony - kit LCD,449,N/A,http://www.actioncamera.ro/sony-kit-lcd.html,N/A
GoPro - LCD Touch BacPac,445,N/A,http://www.actioncamera.ro/gopro-lcd-touch-bacpac.html,N/A
GoPro - Telecomanda Wi-Fi,389,N/A,http://www.actioncamera.ro/gopro-telecomanda-wi-fi.html,N/A
MAXFLASH 64 GB CARD DE MEMORIE ACTION CAMERA,299,N/A,http://www.actioncamera.ro/maxflash-64-gb-card-de-memorie-action-camera.html,N/A
DRIFT POWER PACK,299,N/A,http://www.actioncamera.ro/drift-power-pack.html,N/A
MicroSD 32GB Sandisk Extreme Plus Clasa 10 ,279,N/A,http://www.actioncamera.ro/microsd-sandisk-expreme-plus-clasa-10.html,N/A
GoPro  - Carcasa Subacvatica Hero3 si Hero3+ ,260,N/A,http://www.actioncamera.ro/gopro-hero3-carcasa-subacvatica.html,N/A
GoPro  - Battery BacPac,260,N/A,http://www.actioncamera.ro/gopro-hero3-battery-bacpac.html,N/A
GoPro Hero3 - Carcasa Skeleton,249,N/A,http://www.actioncamera.ro/gopro-hero3-carcasa-skeleton.html,N/A
Sony - Capace Carcasa subacvatica,248,N/A,http://www.actioncamera.ro/sony-pacace-carcasa-subacvatica.html,N/A
Contour HD Carcasa de Protectie Subacvatica,225,N/A,http://www.actioncamera.ro/contour-hd-carcasa-de-protectie-subacvatica.html,N/A
Card de Memorie SanDisk 64GB Clasa 10 ,494,N/A,http://www.actioncamera.ro/card-de-memorie-sandisk-64gb-clasa-10.html,N/A
sony - kit LCD,449,N/A,http://www.actioncamera.ro/sony-kit-lcd.html,N/A
GoPro - LCD Touch BacPac,445,N/A,http://www.actioncamera.ro/gopro-lcd-touch-bacpac.html,N/A
GoPro - Telecomanda Wi-Fi,389,N/A,http://www.actioncamera.ro/gopro-telecomanda-wi-fi.html,N/A
MAXFLASH 64 GB CARD DE MEMORIE ACTION CAMERA,299,N/A,http://www.actioncamera.ro/maxflash-64-gb-card-de-memorie-action-camera.html,N/A
DRIFT POWER PACK,299,N/A,http://www.actioncamera.ro/drift-power-pack.html,N/A
MicroSD 32GB Sandisk Extreme Plus Clasa 10 ,279,N/A,http://www.actioncamera.ro/microsd-sandisk-expreme-plus-clasa-10.html,N/A
GoPro  - Carcasa Subacvatica Hero3 si Hero3+ ,260,N/A,http://www.actioncamera.ro/gopro-hero3-carcasa-subacvatica.html,N/A
GoPro  - Battery BacPac,260,N/A,http://www.actioncamera.ro/gopro-hero3-battery-bacpac.html,N/A
GoPro Hero3 - Carcasa Skeleton,249,N/A,http://www.actioncamera.ro/gopro-hero3-carcasa-skeleton.html,N/A
Sony - Capace Carcasa subacvatica,248,N/A,http://www.actioncamera.ro/sony-pacace-carcasa-subacvatica.html,N/A
Contour HD Carcasa de Protectie Subacvatica,225,N/A,http://www.actioncamera.ro/contour-hd-carcasa-de-protectie-subacvatica.html,N/A
Card de Memorie SanDisk 64GB Clasa 10 ,494,N/A,http://www.actioncamera.ro/card-de-memorie-sandisk-64gb-clasa-10.html,N/A
sony - kit LCD,449,N/A,http://www.actioncamera.ro/sony-kit-lcd.html,N/A
GoPro - LCD Touch BacPac,445,N/A,http://www.actioncamera.ro/gopro-lcd-touch-bacpac.html,N/A
GoPro - Telecomanda Wi-Fi,389,N/A,http://www.actioncamera.ro/gopro-telecomanda-wi-fi.html,N/A
MAXFLASH 64 GB CARD DE MEMORIE ACTION CAMERA,299,N/A,http://www.actioncamera.ro/maxflash-64-gb-card-de-memorie-action-camera.html,N/A
DRIFT POWER PACK,299,N/A,http://www.actioncamera.ro/drift-power-pack.html,N/A
MicroSD 32GB Sandisk Extreme Plus Clasa 10 ,279,N/A,http://www.actioncamera.ro/microsd-sandisk-expreme-plus-clasa-10.html,N/A
GoPro  - Carcasa Subacvatica Hero3 si Hero3+ ,260,N/A,http://www.actioncamera.ro/gopro-hero3-carcasa-subacvatica.html,N/A
GoPro  - Battery BacPac,260,N/A,http://www.actioncamera.ro/gopro-hero3-battery-bacpac.html,N/A
GoPro Hero3 - Carcasa Skeleton,249,N/A,http://www.actioncamera.ro/gopro-hero3-carcasa-skeleton.html,N/A
Sony - Capace Carcasa subacvatica,248,N/A,http://www.actioncamera.ro/sony-pacace-carcasa-subacvatica.html,N/A
Contour HD Carcasa de Protectie Subacvatica,225,N/A,http://www.actioncamera.ro/contour-hd-carcasa-de-protectie-subacvatica.html,N/A
Card de Memorie SanDisk 64GB Clasa 10 ,494,N/A,http://www.actioncamera.ro/card-de-memorie-sandisk-64gb-clasa-10.html,N/A
sony - kit LCD,449,N/A,http://www.actioncamera.ro/sony-kit-lcd.html,N/A
GoPro - LCD Touch BacPac,445,N/A,http://www.actioncamera.ro/gopro-lcd-touch-bacpac.html,N/A
GoPro - Telecomanda Wi-Fi,389,N/A,http://www.actioncamera.ro/gopro-telecomanda-wi-fi.html,N/A
MAXFLASH 64 GB CARD DE MEMORIE ACTION CAMERA,299,N/A,http://www.actioncamera.ro/maxflash-64-gb-card-de-memorie-action-camera.html,N/A
DRIFT POWER PACK,299,N/A,http://www.actioncamera.ro/drift-power-pack.html,N/A
MicroSD 32GB Sandisk Extreme Plus Clasa 10 ,279,N/A,http://www.actioncamera.ro/microsd-sandisk-expreme-plus-clasa-10.html,N/A
GoPro  - Carcasa Subacvatica Hero3 si Hero3+ ,260,N/A,http://www.actioncamera.ro/gopro-hero3-carcasa-subacvatica.html,N/A
GoPro  - Battery BacPac,260,N/A,http://www.actioncamera.ro/gopro-hero3-battery-bacpac.html,N/A
GoPro Hero3 - Carcasa Skeleton,249,N/A,http://www.actioncamera.ro/gopro-hero3-carcasa-skeleton.html,N/A
Sony - Capace Carcasa subacvatica,248,N/A,http://www.actioncamera.ro/sony-pacace-carcasa-subacvatica.html,N/A
Contour HD Carcasa de Protectie Subacvatica,225,N/A,http://www.actioncamera.ro/contour-hd-carcasa-de-protectie-subacvatica.html,N/A
