Masina de tocat Heinner Accesoriu rosii pentru masina de tocat MG1200TA,38,Disponibil la comanda online,http://www.electrofun.ro/aparate-pentru-bucatarie/masini-de-tocat/heinner/accesoriu-rosii-pentru-masina-de-tocat-mg1200ta/,http://5.grgs.ro/images/products/12/853133/872981/thumbnails/accesoriu-rosii-pentru-masina-de-tocat-mg1200ta-4bd9d5cd0b55029182df84b32de3761e.jpg
Masina de tocat Albatros MT400,134,Disponibil la comanda online,http://www.electrofun.ro/aparate-pentru-bucatarie/masini-de-tocat/albatros/mt400/,http://5.grgs.ro/images/products/12/792831/883276/thumbnails/mt400-95c5f03388920b4874474cce6c50eccf.jpg
Masina de tocat Russell Hobbs Desire 20340,138,Disponibil la comanda online,http://www.electrofun.ro/aparate-pentru-bucatarie/masini-de-tocat/russell-hobbs/desire-20340/,http://1.grgs.ro/images/products/12/734504/749096/thumbnails/desire-20340-2b4426a78642345a22914321a75b678f.jpg
Masina de tocat Albatros MT600,147,Disponibil la comanda online,http://www.electrofun.ro/aparate-pentru-bucatarie/masini-de-tocat/albatros/mt600/,http://2.grgs.ro/images/products/12/872227/883271/thumbnails/mt600-c4a6be2861e3350ffeb0510a8022633f.jpg
Masina de tocat Samus SMT1200RED,147,Disponibil la comanda online,http://www.electrofun.ro/aparate-pentru-bucatarie/masini-de-tocat/samus/smt-1200red/,http://2.grgs.ro/images/products/12/789252/930153/thumbnails/smt-1200red-1cd1b3a66a71ce030e664c3270a4d007.jpg
Masina de tocat Samus SMT1500B,161,Disponibil la comanda online,http://www.electrofun.ro/aparate-pentru-bucatarie/masini-de-tocat/samus/smt-1500b/,http://5.grgs.ro/images/products/12/836578/930186/thumbnails/smt-1500b-d0a7f851d4491a49b267d5ea993292fa.jpg
Masina de tocat Heinner PowerAction Duo,172,Stoc magazin suficient,http://www.electrofun.ro/aparate-pentru-bucatarie/masini-de-tocat/heinner/poweraction-duo/,http://1.grgs.ro/images/products/12/2/274945/thumbnails/mg1200ta-rosu-21f966298d54041aa129b9347d41b3ba.jpg
Masina de tocat Zelmer 887.5,202,Disponibil la comanda online,http://www.electrofun.ro/aparate-pentru-bucatarie/masini-de-tocat/zelmer/8875/,http://5.grgs.ro/images/products/12/3/521851/thumbnails/8875-1f644ed9207c586dd3f57a787b0d7982.jpg
Masina de tocat Heinner PowerAction Duo 6080,207,Disponibil la comanda online,http://www.electrofun.ro/aparate-pentru-bucatarie/masini-de-tocat/heinner/poweraction-duo-6080/,http://1.grgs.ro/images/products/12/2/291651/thumbnails/poweraction-duo-6080-79c2a3e515d42aa67925ed6a7499e8b6.jpg
Masina de tocat Moulinex ME20513E,207,Disponibil la comanda online,http://www.electrofun.ro/aparate-pentru-bucatarie/masini-de-tocat/moulinex/me20513e/,http://3.grgs.ro/images/products/12/3/300677/thumbnails/me20513e-f9f6a6bfb669af37a3686b1dce11bb2d.jpg
Masina de tocat Naumann NM300 Plus,213,Disponibil la comanda online,http://www.electrofun.ro/aparate-pentru-bucatarie/masini-de-tocat/naumann/nm-300-plus/,http://4.grgs.ro/images/products/12/740909/866527/thumbnails/nm-300-plus-4d2385060b1e2684316532a407d5aa16.jpg
Masina de tocat Rohnson R 503,228,Stoc magazin suficient,http://www.electrofun.ro/aparate-pentru-bucatarie/masini-de-tocat/rohnson/r-503/,http://5.grgs.ro/images/products/12/5/468855/thumbnails/r-503-f3235ac8f1e47a1aa7a07be8870351c6.jpg
Masina de tocat Zelmer 887.8,232,Disponibil la comanda online,http://www.electrofun.ro/aparate-pentru-bucatarie/masini-de-tocat/zelmer/8878/,http://5.grgs.ro/images/products/12/663162/712512/thumbnails/8878-a2cf811c847e1f49e697aa009256448d.jpg
Masina de tocat Heinner Delice MG1400RD,247,Disponibil la comanda online,http://www.electrofun.ro/aparate-pentru-bucatarie/masini-de-tocat/heinner/delice-mg-1400rd/,http://3.grgs.ro/images/products/12/836578/956526/thumbnails/delice-mg-1400rd-eb2b3b3d76e6e7e24383aa2be4be6ac3.jpg
Masina de tocat Rohnson R 502,264,Disponibil la comanda online,http://www.electrofun.ro/aparate-pentru-bucatarie/masini-de-tocat/rohnson/r-502/,http://3.grgs.ro/images/products/12/4/468853/thumbnails/r-502-a6a1d87843c6eebfedc683a39197ca6e.jpg
Masina de tocat Moulinex ME406185,270,Disponibil la comanda online,http://www.electrofun.ro/aparate-pentru-bucatarie/masini-de-tocat/moulinex/me406185/,http://5.grgs.ro/images/products/12/2/200629/thumbnails/me406185-f0e37823f2af966e67f800ed6b324d72.jpg
Masina de tocat Naumann NM 120,276,Stoc magazin suficient,http://www.electrofun.ro/aparate-pentru-bucatarie/masini-de-tocat/naumann/nm-120/,http://3.grgs.ro/images/products/12/2/204303/thumbnails/nm-120-176e9a6c21da45b08e9f6e623f8b373b.jpg
Masina de tocat Gorenje MG1500W,281,Disponibil la comanda online,http://www.electrofun.ro/aparate-pentru-bucatarie/masini-de-tocat/gorenje/mg-1500-w/,http://4.grgs.ro/images/products/12/4/751657/thumbnails/mg-1500-w-065c102dda11179bedfb48d05776f1b9.jpg
Masina de tocat Zelmer MM1200.88 Ivory,288,Disponibil la comanda online,http://www.electrofun.ro/aparate-pentru-bucatarie/masini-de-tocat/zelmer/mm120088-ivory/,http://5.grgs.ro/images/products/12/2/639286/thumbnails/mm120088-ivory-e3cf92fbd44914154b598e4f49444382.jpg
Masina de tocat Zelmer 887.84,291,Disponibil la comanda online,http://www.electrofun.ro/aparate-pentru-bucatarie/masini-de-tocat/zelmer/88784/,http://3.grgs.ro/images/products/12/2/712509/thumbnails/88784-d430034b5968d0c040a6a62048c1b770.jpg
Masina de tocat Zelmer 1200.82 MM,291,Disponibil la comanda online,http://www.electrofun.ro/aparate-pentru-bucatarie/masini-de-tocat/zelmer/120082-mm/,http://2.grgs.ro/images/products/12/827348/960241/thumbnails/120082-mm-5cb2f68e7ba9658574e76139b43dfb7c.jpg
Masina de tocat Moulinex ME206181,293,Disponibil la comanda online,http://www.electrofun.ro/aparate-pentru-bucatarie/masini-de-tocat/moulinex/me206181/,http://1.grgs.ro/images/products/12/3/789405/thumbnails/me206181-cde8e7b32936e0fda004187bca9e26be.jpg
Masina de tocat Zelmer 987.82 Symbio,298,Disponibil la comanda online,http://www.electrofun.ro/aparate-pentru-bucatarie/masini-de-tocat/zelmer/98782-symbio/,http://5.grgs.ro/images/products/12/1/639274/thumbnails/98782-symbio-d147c0b724399537afc308943bef3f14.png
Masina de tocat DeLonghi KMG 1200,300,Disponibil la comanda online,http://www.electrofun.ro/aparate-pentru-bucatarie/masini-de-tocat/delonghi/kmg1200/,http://3.grgs.ro/images/products/12/663162/247273/thumbnails/kmg-1200-35d01541c33e438d0a8436129a5b2d61.jpg
Masina de tocat Zelmer MM1200.84 Ivory,316,Disponibil la comanda online,http://www.electrofun.ro/aparate-pentru-bucatarie/masini-de-tocat/zelmer/mm120084-ivory/,http://2.grgs.ro/images/products/12/2/639283/thumbnails/mm120084-ivory-79bd02130fbc15caf34c9063bfb17f0e.jpg
Masina de tocat Zelmer 987.86 Ivory,316,Disponibil la comanda online,http://www.electrofun.ro/aparate-pentru-bucatarie/masini-de-tocat/zelmer/98786-ivory/,http://5.grgs.ro/images/products/12/8766/875100/thumbnails/98786-ivory-f193053b0ad3846ab129c3345533bcf6.jpg
Masina de tocat Zelmer MM1200.83 Ivory,329,Disponibil la comanda online,http://www.electrofun.ro/aparate-pentru-bucatarie/masini-de-tocat/zelmer/mm120083-ivory/,http://1.grgs.ro/images/products/12/2/639280/thumbnails/mm120083-ivory-4eb08bf932e716411dbe870366e80624.jpg
Masina de tocat Heinner XMG1600,330,Disponibil la comanda online,http://www.electrofun.ro/aparate-pentru-bucatarie/masini-de-tocat/heinner/xmg-1600/,http://4.grgs.ro/images/products/12/2/852477/thumbnails/xmg-1600-717e9c8d16de79ac249abf3047e0a8ee.jpg
Masina de tocat Gorenje MG1800W,342,Disponibil la comanda online,http://www.electrofun.ro/aparate-pentru-bucatarie/masini-de-tocat/gorenje/mg1800w/,http://4.grgs.ro/images/products/12/2/639730/thumbnails/mg1800w-35742c8397637071cac5dfc9ff995aa5.jpg
Masina de tocat Braun G1300,350,Disponibil la comanda online,http://www.electrofun.ro/aparate-pentru-bucatarie/masini-de-tocat/braun/g1300/,http://5.grgs.ro/images/products/12/1/117032/thumbnails/masina-de-tocat-carne-braun-g1300-8d0b79441909a58d17eeaf143c7366db.jpg
Masina de tocat Moulinex HV2 ME2041,353,Disponibil la comanda online,http://www.electrofun.ro/aparate-pentru-bucatarie/masini-de-tocat/moulinex/hv2-me2041/,http://5.grgs.ro/images/products/12/789252/854423/thumbnails/hv-2me2041-f05437f65874387d93efa9acc0c4d435.jpg
Masina de tocat Bosch MFW1501,360,Disponibil la comanda online,http://www.electrofun.ro/aparate-pentru-bucatarie/masini-de-tocat/bosch/mfw1501/,http://4.grgs.ro/images/products/12/1/117044/thumbnails/masina-de-tocat-carne-bosch-mfw1501-c9e41e536cd8261cca44076c05199e9b.jpg
Masina de tocat Zelmer MM1200.83 Alb,374,Disponibil la comanda online,http://www.electrofun.ro/aparate-pentru-bucatarie/masini-de-tocat/zelmer/mm120083-alb/,http://4.grgs.ro/images/products/12/734504/795531/thumbnails/mm120083-alb-f05494cc3cd8e7fa704fc0cd85f19642.jpg
Masina de tocat Gorenje MG1500TJW,379,Disponibil la comanda online,http://www.electrofun.ro/aparate-pentru-bucatarie/masini-de-tocat/gorenje/mg1500tjw/,http://2.grgs.ro/images/products/12/2/267571/thumbnails/mg1500tjw-3306c577781fb8135ec7164abef7d80d.jpg
Masina de tocat Moulinex Abakan HV4 ME4151,380,Disponibil la comanda online,http://www.electrofun.ro/aparate-pentru-bucatarie/masini-de-tocat/moulinex/abakan-hv4-me4151/,http://5.grgs.ro/images/products/12/2/352089/thumbnails/abakan-hv4-me4151-fbbe40f27b7b36c35e421a652c552ed9.jpg
Masina de tocat Moulinex HV8 ME610,398,Disponibil la comanda online,http://www.electrofun.ro/aparate-pentru-bucatarie/masini-de-tocat/moulinex/hv8-me610/,http://1.grgs.ro/images/products/12/2/463355/thumbnails/hv8-me610-4eaf086dea0725f69ce8ea1887a26aa0.jpg
Masina de tocat Gorenje MG1800TJW,409,Disponibil la comanda online,http://www.electrofun.ro/aparate-pentru-bucatarie/masini-de-tocat/gorenje/mg-1800-tjw/,http://2.grgs.ro/images/products/12/4/751660/thumbnails/mg-1800-tjw-fd38294f2e9168efa2833f54349742ff.jpg
Masina de tocat Heinner MG3000DC,415,Disponibil la comanda online,http://www.electrofun.ro/aparate-pentru-bucatarie/masini-de-tocat/heinner/mg-3000dc/,http://5.grgs.ro/images/products/12/663162/957715/thumbnails/mg-3000dc-4160f7dcd851941dc72b9ef052dd614e.jpg
Masina de tocat Tefal HV8 NE608,429,Disponibil la comanda online,http://www.electrofun.ro/aparate-pentru-bucatarie/masini-de-tocat/tefal/hv8-ne608/,http://3.grgs.ro/images/products/12/797389/937605/thumbnails/hv8-ne608-858118267329ccc821ab946cd926fd0c.jpg
Masina de tocat Bosch ProPower MFW45020,433,Disponibil la comanda online,http://www.electrofun.ro/aparate-pentru-bucatarie/masini-de-tocat/bosch/propower-mfw45020/,http://3.grgs.ro/images/products/12/4/789245/thumbnails/propower-mfw45020-6bb88747d0ad9210e6a9464af30eb62d.jpg
Masina de tocat Moulinex Abakan ME4161,437,Disponibil la comanda online,http://www.electrofun.ro/aparate-pentru-bucatarie/masini-de-tocat/moulinex/abakan-me4161/,http://5.grgs.ro/images/products/12/3/722577/thumbnails/abakan-me4161-58d5bc96670635008910ab5a68196abc.jpg
Masina de tocat Zelmer 1200.80 Lime,444,Disponibil la comanda online,http://www.electrofun.ro/aparate-pentru-bucatarie/masini-de-tocat/zelmer/120080-lime/,http://3.grgs.ro/images/products/12/797389/873268/thumbnails/120080-lime-f122f5e5d15d5bbe0391f0cb67b94d59.jpg
Masina de tocat Zelmer 987.80,451,Disponibil la comanda online,http://www.electrofun.ro/aparate-pentru-bucatarie/masini-de-tocat/zelmer/98780/,http://2.grgs.ro/images/products/12/8766/790432/thumbnails/98780-494d998f285ed239e9841f9b565fb2a5.jpg
Masina de tocat Gorenje MG2000TJW,476,Disponibil la comanda online,http://www.electrofun.ro/aparate-pentru-bucatarie/masini-de-tocat/gorenje/mg2000tjw/,http://1.grgs.ro/images/products/12/2/267573/thumbnails/mg2000tjw-583cc7fecd8cc09157bf1ea84bc727cb.jpg
Masina de tocat Philips HR272690,483,Disponibil la comanda online,http://www.electrofun.ro/aparate-pentru-bucatarie/masini-de-tocat/philips/hr2726/,http://1.grgs.ro/images/products/12/2/299095/thumbnails/hr2726-602ea3a1998e2f204118c06528557b1c.jpg
Masina de tocat Moulinex HV8 ME6251,494,Disponibil la comanda online,http://www.electrofun.ro/aparate-pentru-bucatarie/masini-de-tocat/moulinex/hv8-me6251/,http://4.grgs.ro/images/products/12/2/353365/thumbnails/hv8-me6251-000d38b1be30742c6f020d81cba922b6.jpg
Masina de tocat Moulinex HV8 ME645B3E,565,Intreaba,http://www.electrofun.ro/aparate-pentru-bucatarie/masini-de-tocat/moulinex/hv8-me645b3e/,http://4.grgs.ro/images/products/12/5/788225/thumbnails/hv8-me645b3e-c3665e44a56624822b66383735e8beb6.jpg
Masina de tocat Bosch ProPower MFW67440,595,Disponibil la comanda online,http://www.electrofun.ro/aparate-pentru-bucatarie/masini-de-tocat/bosch/propower-mfw67440/,http://3.grgs.ro/images/products/12/4/789257/thumbnails/propower-mfw67440-13035fc8bf2d96d86fce4daeb02f6ab7.jpg
Masina de tocat Philips HR2727,623,Disponibil la comanda online,http://www.electrofun.ro/aparate-pentru-bucatarie/masini-de-tocat/philips/hr2727/,http://3.grgs.ro/images/products/12/2/299097/thumbnails/hr2727-449ae92bb9db1a0b071a2b1d28133f3d.jpg
Masina de tocat Gorenje MG2500TJW,691,Disponibil la comanda online,http://www.electrofun.ro/aparate-pentru-bucatarie/masini-de-tocat/gorenje/mg2500tjw/,http://1.grgs.ro/images/products/12/5/741067/thumbnails/mg2500tjw-5ac07835de52f7f5b4d9f122749f6776.jpg
Masina de tocat Heinner MGL12BRED,155,Indisponibil,http://www.electrofun.ro/aparate-pentru-bucatarie/masini-de-tocat/heinner/mgl12b-red/,http://5.grgs.ro/images/products/12/3/460897/thumbnails/mgl12b-red-20f69d8ca817a2f5931b496cbe198087.jpg
Masina de tocat Heinner MGL12BWH,193,Indisponibil,http://www.electrofun.ro/aparate-pentru-bucatarie/masini-de-tocat/heinner/mgl12b-wh/,http://3.grgs.ro/images/products/12/2/375723/thumbnails/mgl12b-wh-1a6cce544bb09859b96535b2b79a6c9c.jpg
Masina de tocat Heinner CombineMix 5500,307,Indisponibil,http://www.electrofun.ro/aparate-pentru-bucatarie/masini-de-tocat/heinner/combinemix-5500/,http://3.grgs.ro/images/products/12/2/375695/thumbnails/combinemix-5500-7c3f1937eb6edb06d43d23ff6d6f61bc.jpg
Masina de tocat Philips HR2728,601,Indisponibil,http://www.electrofun.ro/aparate-pentru-bucatarie/masini-de-tocat/philips/hr2728/,http://1.grgs.ro/images/products/12/2/299099/thumbnails/hr2728-2d3f200a6e4072da54675f469c63d6a0.jpg
